{
	"info": {
		"_postman_id": "197903c3-ff67-4ab4-b7ce-4530880fdf1c",
		"name": "LOVLON-MasterService",
		"schema": "https://schema.getpostman.com/json/collection/v2.1.0/collection.json"
	},
	"item": [
		{
			"name": "CityDetails",
			"request": {
				"method": "GET",
				"header": [
					{
						"key": "",
						"value": "",
						"type": "text"
					}
				],
				"url": {
					"raw": "http://157.230.40.248:8761/lovlon/api/master-service/master/city?state_id=2",
					"protocol": "http",
					"host": [
						"157",
						"230",
						"40",
						"248"
					],
					"port": "8761",
					"path": [
						"lovlon",
						"api",
						"master-service",
						"master",
						"city"
					],
					"query": [
						{
							"key": "state_id",
							"value": "2"
						}
					]
				}
			},
			"response": []
		},
		{
			"name": "EmailService",
			"protocolProfileBehavior": {
				"disableBodyPruning": true
			},
			"request": {
				"method": "GET",
				"header": [
					{
						"key": "Content-Type",
						"name": "Content-Type",
						"value": "application/json",
						"type": "text"
					}
				],
				"body": {
					"mode": "raw",
					"raw": "{\r\n\"subject\":\"EmailVerificaation\",\r\n\"mailType\":\"EMAIL_VERIFICATION\",\r\n\"emailObject\":[{\r\n\"name\":\"Kamal\",\r\n\"otp\":\"6 7 8 9\"\r\n}],\r\n\"emailTo\":\"sunil.katta@stridefuture.com\",\r\n\"accessKey\":\"AKIATZJNIZO5TUO6DIEN\",\r\n\"secretAccessKey\":\"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\"\r\n}\r\n"
				},
				"url": {
					"raw": "https://394wykltue.execute-api.us-east-1.amazonaws.com/default/lovlon_email",
					"protocol": "https",
					"host": [
						"394wykltue",
						"execute-api",
						"us-east-1",
						"amazonaws",
						"com"
					],
					"path": [
						"default",
						"lovlon_email"
					]
				}
			},
			"response": []
		},
		{
			"name": "CountryDetails",
			"request": {
				"method": "GET",
				"header": [],
				"url": {
					"raw": "http://157.230.40.248:8761/lovlon/api/master-service/master/country",
					"protocol": "http",
					"host": [
						"157",
						"230",
						"40",
						"248"
					],
					"port": "8761",
					"path": [
						"lovlon",
						"api",
						"master-service",
						"master",
						"country"
					]
				}
			},
			"response": []
		},
		{
			"name": "StateDetails",
			"request": {
				"method": "GET",
				"header": [
					{
						"key": "",
						"value": "",
						"type": "text"
					},
					{
						"key": "",
						"name": "Content-Type",
						"value": "",
						"type": "text"
					},
					{
						"key": "",
						"value": "",
						"type": "text"
					},
					{
						"key": "",
						"value": "",
						"type": "text"
					},
					{
						"key": "Content-Type",
						"value": ""
					}
				],
				"url": {
					"raw": "http://157.230.40.248:8761/lovlon/api/master-service/master/state?country_id=101",
					"protocol": "http",
					"host": [
						"157",
						"230",
						"40",
						"248"
					],
					"port": "8761",
					"path": [
						"lovlon",
						"api",
						"master-service",
						"master",
						"state"
					],
					"query": [
						{
							"key": "country_id",
							"value": "101"
						}
					]
				}
			},
			"response": []
		},
		{
			"name": "RelationStatus",
			"request": {
				"method": "GET",
				"header": [
					{
						"key": "accessToken",
						"value": "LovLonAccessBearer eyJhbGciOiJIUzUxMiJ9.eyJzdWIiOiJMT1ZMT04zIiwidXNlcklkIjoxMDU1LCJzY29wZXMiOlsiVklFV0VSIl0sImRldmljZUlkIjoiMTIzNDU2Nzg5MCIsImlzcyI6Imh0dHA6Ly9sb3Zsb24uY29tIiwiaWF0IjoxNTU3MjUyMTIzfQ.SVb7YeBYqqHDuEUyXlpPuqdM78J3eJZc60tsHUV1Nsim4WlmpmwqrXKyzTrlzrSdlV-1mxAaKQ4Hiji1J0dl8Q",
						"type": "text"
					},
					{
						"key": "systemToken",
						"value": "LovLonSystemBearer eyJhbGciOiJIUzUxMiJ9.eyJzdWIiOiJMT1ZMT04zIiwidXNlcklkIjoxMDU1LCJzY29wZXMiOltbIlZJRVdFUiJdXSwiaXNzIjoiaHR0cDovL2xvdmxvbi5jb20iLCJqdGkiOiI4MjNjM2EzNC1lYzE4LTRhNzMtODE2YS0wM2Q2ZmE2OTIzOGMiLCJpYXQiOjE1NTcyNTIxMjN9.TNF0SHf42oOeeEo5tiGSXWc_59tJ4cTIFSSQoFxy8iVEt0fYa0Nz_4iVC5uYI-e0Nqh3LP4GRZHN2cvG_OuviA",
						"type": "text"
					},
					{
						"key": "userId",
						"value": "1055",
						"type": "text"
					},
					{
						"key": "deviceId",
						"value": "1234567890",
						"type": "text"
					}
				],
				"url": {
					"raw": "http://157.230.40.248:8761/lovlon/api/master-service/master/relationStatus",
					"protocol": "http",
					"host": [
						"157",
						"230",
						"40",
						"248"
					],
					"port": "8761",
					"path": [
						"lovlon",
						"api",
						"master-service",
						"master",
						"relationStatus"
					]
				}
			},
			"response": []
		},
		{
			"name": "Ethinicity",
			"request": {
				"method": "GET",
				"header": [
					{
						"key": "accessToken",
						"value": "LovLonAccessBearer eyJhbGciOiJIUzUxMiJ9.eyJzdWIiOiJMT1ZMT04zIiwidXNlcklkIjoxMDU1LCJzY29wZXMiOlsiVklFV0VSIl0sImRldmljZUlkIjoiMTIzNDU2Nzg5MCIsImlzcyI6Imh0dHA6Ly9sb3Zsb24uY29tIiwiaWF0IjoxNTU3MjUyMTIzfQ.SVb7YeBYqqHDuEUyXlpPuqdM78J3eJZc60tsHUV1Nsim4WlmpmwqrXKyzTrlzrSdlV-1mxAaKQ4Hiji1J0dl8Q",
						"type": "text"
					},
					{
						"key": "systemToken",
						"value": "LovLonSystemBearer eyJhbGciOiJIUzUxMiJ9.eyJzdWIiOiJMT1ZMT04zIiwidXNlcklkIjoxMDU1LCJzY29wZXMiOltbIlZJRVdFUiJdXSwiaXNzIjoiaHR0cDovL2xvdmxvbi5jb20iLCJqdGkiOiI4MjNjM2EzNC1lYzE4LTRhNzMtODE2YS0wM2Q2ZmE2OTIzOGMiLCJpYXQiOjE1NTcyNTIxMjN9.TNF0SHf42oOeeEo5tiGSXWc_59tJ4cTIFSSQoFxy8iVEt0fYa0Nz_4iVC5uYI-e0Nqh3LP4GRZHN2cvG_OuviA",
						"type": "text"
					},
					{
						"key": "userId",
						"value": "1055",
						"type": "text"
					},
					{
						"key": "deviceId",
						"value": "1234567890",
						"type": "text"
					}
				],
				"url": {
					"raw": "http://157.230.40.248:8761/lovlon/api/master-service/master/ethinicity",
					"protocol": "http",
					"host": [
						"157",
						"230",
						"40",
						"248"
					],
					"port": "8761",
					"path": [
						"lovlon",
						"api",
						"master-service",
						"master",
						"ethinicity"
					]
				}
			},
			"response": []
		},
		{
			"name": "Language",
			"request": {
				"method": "GET",
				"header": [
					{
						"key": "accessToken",
						"value": "LovLonAccessBearer eyJhbGciOiJIUzUxMiJ9.eyJzdWIiOiJMT1ZMT04zIiwidXNlcklkIjoxMDU1LCJzY29wZXMiOlsiVklFV0VSIl0sImRldmljZUlkIjoiMTIzNDU2Nzg5MCIsImlzcyI6Imh0dHA6Ly9sb3Zsb24uY29tIiwiaWF0IjoxNTU3MjUyMTIzfQ.SVb7YeBYqqHDuEUyXlpPuqdM78J3eJZc60tsHUV1Nsim4WlmpmwqrXKyzTrlzrSdlV-1mxAaKQ4Hiji1J0dl8Q",
						"type": "text"
					},
					{
						"key": "systemToken",
						"value": "LovLonSystemBearer eyJhbGciOiJIUzUxMiJ9.eyJzdWIiOiJMT1ZMT04zIiwidXNlcklkIjoxMDU1LCJzY29wZXMiOltbIlZJRVdFUiJdXSwiaXNzIjoiaHR0cDovL2xvdmxvbi5jb20iLCJqdGkiOiI4MjNjM2EzNC1lYzE4LTRhNzMtODE2YS0wM2Q2ZmE2OTIzOGMiLCJpYXQiOjE1NTcyNTIxMjN9.TNF0SHf42oOeeEo5tiGSXWc_59tJ4cTIFSSQoFxy8iVEt0fYa0Nz_4iVC5uYI-e0Nqh3LP4GRZHN2cvG_OuviA",
						"type": "text"
					},
					{
						"key": "userId",
						"value": "1055",
						"type": "text"
					},
					{
						"key": "deviceId",
						"value": "1234567890",
						"type": "text"
					}
				],
				"url": {
					"raw": "http://157.230.40.248:8761/lovlon/api/master-service/master/language",
					"protocol": "http",
					"host": [
						"157",
						"230",
						"40",
						"248"
					],
					"port": "8761",
					"path": [
						"lovlon",
						"api",
						"master-service",
						"master",
						"language"
					]
				}
			},
			"response": []
		},
		{
			"name": "Education",
			"request": {
				"method": "GET",
				"header": [
					{
						"key": "accessToken",
						"value": "LovLonAccessBearer eyJhbGciOiJIUzUxMiJ9.eyJzdWIiOiJMT1ZMT04zIiwidXNlcklkIjoxMDU1LCJzY29wZXMiOlsiVklFV0VSIl0sImRldmljZUlkIjoiMTIzNDU2Nzg5MCIsImlzcyI6Imh0dHA6Ly9sb3Zsb24uY29tIiwiaWF0IjoxNTU3MjUyMTIzfQ.SVb7YeBYqqHDuEUyXlpPuqdM78J3eJZc60tsHUV1Nsim4WlmpmwqrXKyzTrlzrSdlV-1mxAaKQ4Hiji1J0dl8Q",
						"type": "text"
					},
					{
						"key": "systemToken",
						"value": "LovLonSystemBearer eyJhbGciOiJIUzUxMiJ9.eyJzdWIiOiJMT1ZMT04zIiwidXNlcklkIjoxMDU1LCJzY29wZXMiOltbIlZJRVdFUiJdXSwiaXNzIjoiaHR0cDovL2xvdmxvbi5jb20iLCJqdGkiOiI4MjNjM2EzNC1lYzE4LTRhNzMtODE2YS0wM2Q2ZmE2OTIzOGMiLCJpYXQiOjE1NTcyNTIxMjN9.TNF0SHf42oOeeEo5tiGSXWc_59tJ4cTIFSSQoFxy8iVEt0fYa0Nz_4iVC5uYI-e0Nqh3LP4GRZHN2cvG_OuviA",
						"type": "text"
					},
					{
						"key": "userId",
						"value": "1055",
						"type": "text"
					},
					{
						"key": "deviceId",
						"value": "1234567890",
						"type": "text"
					}
				],
				"url": {
					"raw": "http://157.230.40.248:8761/lovlon/api/master-service/master/education",
					"protocol": "http",
					"host": [
						"157",
						"230",
						"40",
						"248"
					],
					"port": "8761",
					"path": [
						"lovlon",
						"api",
						"master-service",
						"master",
						"education"
					]
				}
			},
			"response": []
		},
		{
			"name": "Occupation",
			"request": {
				"method": "GET",
				"header": [
					{
						"key": "accessToken",
						"value": "LovLonAccessBearer eyJhbGciOiJIUzUxMiJ9.eyJzdWIiOiJMT1ZMT04zIiwidXNlcklkIjoxMDU1LCJzY29wZXMiOlsiVklFV0VSIl0sImRldmljZUlkIjoiMTIzNDU2Nzg5MCIsImlzcyI6Imh0dHA6Ly9sb3Zsb24uY29tIiwiaWF0IjoxNTU3MjUyMTIzfQ.SVb7YeBYqqHDuEUyXlpPuqdM78J3eJZc60tsHUV1Nsim4WlmpmwqrXKyzTrlzrSdlV-1mxAaKQ4Hiji1J0dl8Q",
						"type": "text"
					},
					{
						"key": "systemToken",
						"value": "LovLonSystemBearer eyJhbGciOiJIUzUxMiJ9.eyJzdWIiOiJMT1ZMT04zIiwidXNlcklkIjoxMDU1LCJzY29wZXMiOltbIlZJRVdFUiJdXSwiaXNzIjoiaHR0cDovL2xvdmxvbi5jb20iLCJqdGkiOiI4MjNjM2EzNC1lYzE4LTRhNzMtODE2YS0wM2Q2ZmE2OTIzOGMiLCJpYXQiOjE1NTcyNTIxMjN9.TNF0SHf42oOeeEo5tiGSXWc_59tJ4cTIFSSQoFxy8iVEt0fYa0Nz_4iVC5uYI-e0Nqh3LP4GRZHN2cvG_OuviA",
						"type": "text"
					},
					{
						"key": "userId",
						"value": "1055",
						"type": "text"
					},
					{
						"key": "deviceId",
						"value": "1234567890",
						"type": "text"
					}
				],
				"url": {
					"raw": "http://157.230.40.248:8761/lovlon/api/master-service/master/occupation",
					"protocol": "http",
					"host": [
						"157",
						"230",
						"40",
						"248"
					],
					"port": "8761",
					"path": [
						"lovlon",
						"api",
						"master-service",
						"master",
						"occupation"
					]
				}
			},
			"response": []
		},
		{
			"name": "Smoking",
			"request": {
				"method": "GET",
				"header": [
					{
						"key": "accessToken",
						"value": "LovLonAccessBearer eyJhbGciOiJIUzUxMiJ9.eyJzdWIiOiJMT1ZMT04zIiwidXNlcklkIjoxMDU1LCJzY29wZXMiOlsiVklFV0VSIl0sImRldmljZUlkIjoiMTIzNDU2Nzg5MCIsImlzcyI6Imh0dHA6Ly9sb3Zsb24uY29tIiwiaWF0IjoxNTU3MjUyMTIzfQ.SVb7YeBYqqHDuEUyXlpPuqdM78J3eJZc60tsHUV1Nsim4WlmpmwqrXKyzTrlzrSdlV-1mxAaKQ4Hiji1J0dl8Q",
						"type": "text"
					},
					{
						"key": "systemToken",
						"value": "LovLonSystemBearer eyJhbGciOiJIUzUxMiJ9.eyJzdWIiOiJMT1ZMT04zIiwidXNlcklkIjoxMDU1LCJzY29wZXMiOltbIlZJRVdFUiJdXSwiaXNzIjoiaHR0cDovL2xvdmxvbi5jb20iLCJqdGkiOiI4MjNjM2EzNC1lYzE4LTRhNzMtODE2YS0wM2Q2ZmE2OTIzOGMiLCJpYXQiOjE1NTcyNTIxMjN9.TNF0SHf42oOeeEo5tiGSXWc_59tJ4cTIFSSQoFxy8iVEt0fYa0Nz_4iVC5uYI-e0Nqh3LP4GRZHN2cvG_OuviA",
						"type": "text"
					},
					{
						"key": "userId",
						"value": "1055",
						"type": "text"
					},
					{
						"key": "deviceId",
						"value": "1234567890",
						"type": "text"
					}
				],
				"url": {
					"raw": "http://157.230.40.248:8761/lovlon/api/master-service/master/smoking",
					"protocol": "http",
					"host": [
						"157",
						"230",
						"40",
						"248"
					],
					"port": "8761",
					"path": [
						"lovlon",
						"api",
						"master-service",
						"master",
						"smoking"
					]
				}
			},
			"response": []
		},
		{
			"name": "Drinking",
			"request": {
				"method": "GET",
				"header": [
					{
						"key": "accessToken",
						"value": "LovLonAccessBearer eyJhbGciOiJIUzUxMiJ9.eyJzdWIiOiJMT1ZMT04zIiwidXNlcklkIjoxMDU1LCJzY29wZXMiOlsiVklFV0VSIl0sImRldmljZUlkIjoiMTIzNDU2Nzg5MCIsImlzcyI6Imh0dHA6Ly9sb3Zsb24uY29tIiwiaWF0IjoxNTU3MjUyMTIzfQ.SVb7YeBYqqHDuEUyXlpPuqdM78J3eJZc60tsHUV1Nsim4WlmpmwqrXKyzTrlzrSdlV-1mxAaKQ4Hiji1J0dl8Q",
						"type": "text"
					},
					{
						"key": "systemToken",
						"value": "LovLonSystemBearer eyJhbGciOiJIUzUxMiJ9.eyJzdWIiOiJMT1ZMT04zIiwidXNlcklkIjoxMDU1LCJzY29wZXMiOltbIlZJRVdFUiJdXSwiaXNzIjoiaHR0cDovL2xvdmxvbi5jb20iLCJqdGkiOiI4MjNjM2EzNC1lYzE4LTRhNzMtODE2YS0wM2Q2ZmE2OTIzOGMiLCJpYXQiOjE1NTcyNTIxMjN9.TNF0SHf42oOeeEo5tiGSXWc_59tJ4cTIFSSQoFxy8iVEt0fYa0Nz_4iVC5uYI-e0Nqh3LP4GRZHN2cvG_OuviA",
						"type": "text"
					},
					{
						"key": "userId",
						"value": "1055",
						"type": "text"
					},
					{
						"key": "deviceId",
						"value": "1234567890",
						"type": "text"
					}
				],
				"url": {
					"raw": "http://157.230.40.248:8761/lovlon/api/master-service/master/drinking",
					"protocol": "http",
					"host": [
						"157",
						"230",
						"40",
						"248"
					],
					"port": "8761",
					"path": [
						"lovlon",
						"api",
						"master-service",
						"master",
						"drinking"
					]
				}
			},
			"response": []
		}
	]
}