{
	"info": {
		"_postman_id": "756ef39b-510d-490b-9a8f-aa16adf3e54a",
		"name": "LOVLON-UserManagementService",
		"schema": "https://schema.getpostman.com/json/collection/v2.1.0/collection.json"
	},
	"item": [
		{
			"name": "OtpValidation",
			"request": {
				"method": "POST",
				"header": [
					{
						"key": "accessToken",
						"value": "LovLonAccessBearer eyJhbGciOiJIUzUxMiJ9.eyJzdWIiOiJTVU5JTEtBVFRBNjYiLCJ1c2VySWQiOjEwOTcsInNjb3BlcyI6WyJWSUVXRVIiXSwiZGV2aWNlSWQiOiIxMjM0NTY3ODkwIiwiaXNzIjoiaHR0cDovL2xvdmxvbi5jb20iLCJpYXQiOjE1NTg1OTYwNDh9.s-T7BIY2p2mv-ywKvFXq_CYJn5hKCGbqyQNOlai_T8wg3tlv8LhoPks57DE-oa1j-3UtB32XZ4jM8LSSa-Fxig",
						"type": "text"
					},
					{
						"key": "systemToken",
						"name": "Content-Type",
						"value": "LovLonSystemBearer eyJhbGciOiJIUzUxMiJ9.eyJzdWIiOiJMT1ZMT04zIiwidXNlcklkIjoxMDU1LCJzY29wZXMiOlsiVklFV0VSIl0sImRldmljZUlkIjoiMTIzNDU2Nzg5MCIsImlzcyI6Imh0dHA6Ly9sb3Zsb24uY29tIiwiaWF0IjoxNTU3MjUxNTcxfQ.MJCN-S5pkxHXAMflPjTTp4rsVXXmQbZt26zn5JyLwaeNFFWITH5zwiVJjaRsIioaTKQ4PQHRVVBaiQi_sfh2Xg",
						"type": "text"
					},
					{
						"key": "userId",
						"value": "1097",
						"type": "text"
					},
					{
						"key": "deviceId",
						"value": "1234567890",
						"type": "text"
					},
					{
						"key": "Content-Type",
						"name": "Content-Type",
						"value": "application/json",
						"type": "text"
					}
				],
				"body": {
					"mode": "raw",
					"raw": "{\n    \"username\": \"sunilkatta66\",\n    \"userid\": 1097,\n    \"otpType\": \"validate\",\n    \"otpValue\": \"774218\"\n}"
				},
				"url": {
					"raw": "http://157.230.40.248:8761/lovlon/api/um-service/um/otpvalidation",
					"protocol": "http",
					"host": [
						"157",
						"230",
						"40",
						"248"
					],
					"port": "8761",
					"path": [
						"lovlon",
						"api",
						"um-service",
						"um",
						"otpvalidation"
					]
				}
			},
			"response": []
		},
		{
			"name": "resendOTP",
			"request": {
				"method": "POST",
				"header": [
					{
						"key": "accessToken",
						"value": "LovLonAccessBearer eyJhbGciOiJIUzUxMiJ9.eyJzdWIiOiJTVU5JTEtBVFRBNjYiLCJ1c2VySWQiOjEwOTcsInNjb3BlcyI6WyJWSUVXRVIiXSwiZGV2aWNlSWQiOiIxMjM0NTY3ODkwIiwiaXNzIjoiaHR0cDovL2xvdmxvbi5jb20iLCJpYXQiOjE1NTg1OTYwNDh9.s-T7BIY2p2mv-ywKvFXq_CYJn5hKCGbqyQNOlai_T8wg3tlv8LhoPks57DE-oa1j-3UtB32XZ4jM8LSSa-Fxig",
						"type": "text"
					},
					{
						"key": "systemToken",
						"name": "Content-Type",
						"value": "LovLonSystemBearer eyJhbGciOiJIUzUxMiJ9.eyJzdWIiOiJMT1ZMT04zIiwidXNlcklkIjoxMDU1LCJzY29wZXMiOlsiVklFV0VSIl0sImRldmljZUlkIjoiMTIzNDU2Nzg5MCIsImlzcyI6Imh0dHA6Ly9sb3Zsb24uY29tIiwiaWF0IjoxNTU3MjUxNTcxfQ.MJCN-S5pkxHXAMflPjTTp4rsVXXmQbZt26zn5JyLwaeNFFWITH5zwiVJjaRsIioaTKQ4PQHRVVBaiQi_sfh2Xg",
						"type": "text"
					},
					{
						"key": "userId",
						"value": "1097",
						"type": "text"
					},
					{
						"key": "deviceId",
						"value": "1234567890",
						"type": "text"
					},
					{
						"key": "Content-Type",
						"value": "application/json",
						"type": "text"
					}
				],
				"body": {
					"mode": "raw",
					"raw": "{\n    \"username\": \"sunilkatta66\",\n    \"userid\": 1097,\n    \"otpType\": \"resend\"\n}"
				},
				"url": {
					"raw": "http://157.230.40.248:8761/lovlon/api/um-service/um/resendotp",
					"protocol": "http",
					"host": [
						"157",
						"230",
						"40",
						"248"
					],
					"port": "8761",
					"path": [
						"lovlon",
						"api",
						"um-service",
						"um",
						"resendotp"
					]
				}
			},
			"response": []
		},
		{
			"name": "userRegistration",
			"request": {
				"method": "POST",
				"header": [
					{
						"key": "Content-Type",
						"name": "Content-Type",
						"value": "application/json",
						"type": "text"
					}
				],
				"body": {
					"mode": "raw",
					"raw": "{\n    \"gender\": \"M\",\n    \"userName\": \"SUNILKATTA66\",\n    \"password\": \"Lovlon@66\",\n    \"email\": \"sunil.katta@STRIDEFUTURE.COM\",\n    \"dob\": \"1990-07-14\",\n    \"countryId\": 101,\n    \"stateId\": 2,\n    \"cityId\": 1,\n    \"roleId\": 3,\n    \"deviceInformation\": {\n        \"ipAddress\": \"127.0.0.1\",\n        \"appVersion\": \"1.0\",\n        \"deviceOS\": \"IOS\",\n        \"deviceType\": \"APPLE\",\n        \"deviceVersion\": \"8.0\",\n        \"imei\": \"\",\n        \"udid\": \"1234567890\",\n        \"latitude\": \"10.0\",\n        \"longitude\": \"14.0\"\n    }\n}"
				},
				"url": {
					"raw": "http://157.230.40.248:8761/lovlon/api/um-service/um/register",
					"protocol": "http",
					"host": [
						"157",
						"230",
						"40",
						"248"
					],
					"port": "8761",
					"path": [
						"lovlon",
						"api",
						"um-service",
						"um",
						"register"
					]
				}
			},
			"response": []
		},
		{
			"name": "UserLogout",
			"request": {
				"method": "POST",
				"header": [
					{
						"key": "accessToken",
						"value": "LovLonAccessBearer eyJhbGciOiJIUzUxMiJ9.eyJzdWIiOiJTVU5JTEtBVFRBNjYiLCJ1c2VySWQiOjEwOTcsInNjb3BlcyI6WyJWSUVXRVIiXSwiZGV2aWNlSWQiOiIxMjM0NTY3ODkwIiwiaXNzIjoiaHR0cDovL2xvdmxvbi5jb20iLCJpYXQiOjE1NTg1OTYyMjF9.gdy0JyhMqTEaVJV8N3EtzKFpFKPIQVOOjaOZGYqYnoFi7e3vH5WmwUZWv2YZHQ7KB6pXJkc3JFrQKNqT-LTowQ",
						"type": "text"
					},
					{
						"key": "systemToken",
						"name": "Content-Type",
						"value": "LovLonSystemBearer eyJhbGciOiJIUzUxMiJ9.eyJzdWIiOiJMT1ZMT04xIiwidXNlcklkIjoxMDQzLCJzY29wZXMiOlsiVklFV0VSIl0sImRldmljZUlkIjoiMTIzNDU2Nzg5MCIsImlzcyI6Imh0dHA6Ly9sb3Zsb24uY29tIiwiaWF0IjoxNTU2OTc2MzI4fQ.DMblkU2LKdu9prejUVzYNZTUCtaEl-7eh0U7ovmuT2L_RvCvmNU880Tgx0VuUC767RUuS150NNOCkCpIqjpJxA",
						"type": "text"
					},
					{
						"key": "userId",
						"value": "1097",
						"type": "text"
					},
					{
						"key": "deviceId",
						"value": "1234567890",
						"type": "text"
					},
					{
						"key": "Content-Type",
						"name": "Content-Type",
						"value": "application/json",
						"type": "text"
					}
				],
				"body": {
					"mode": "raw",
					"raw": "{\n    \"username\": \"sunilkatta66\",\n    \"userid\": 1097\n}"
				},
				"url": {
					"raw": "http://157.230.40.248:8761/lovlon/api/um-service/um/userLogout",
					"protocol": "http",
					"host": [
						"157",
						"230",
						"40",
						"248"
					],
					"port": "8761",
					"path": [
						"lovlon",
						"api",
						"um-service",
						"um",
						"userLogout"
					]
				}
			},
			"response": []
		},
		{
			"name": "Userlocation",
			"request": {
				"method": "POST",
				"header": [
					{
						"key": "Content-Type",
						"name": "Content-Type",
						"value": "application/json",
						"type": "text"
					},
					{
						"key": "accessToken",
						"value": "LovLonAccessBearer eyJhbGciOiJIUzUxMiJ9.eyJzdWIiOiJMT1ZMT04zIiwidXNlcklkIjoxMDU1LCJzY29wZXMiOlsiVklFV0VSIl0sImRldmljZUlkIjoiMTIzNDU2Nzg5MCIsImlzcyI6Imh0dHA6Ly9sb3Zsb24uY29tIiwiaWF0IjoxNTU3MjUyMTIzfQ.SVb7YeBYqqHDuEUyXlpPuqdM78J3eJZc60tsHUV1Nsim4WlmpmwqrXKyzTrlzrSdlV-1mxAaKQ4Hiji1J0dl8Q",
						"type": "text"
					},
					{
						"key": "systemToken",
						"value": "LovLonSystemBearer eyJhbGciOiJIUzUxMiJ9.eyJzdWIiOiJMT1ZMT04xIiwidXNlcklkIjoxMDQzLCJzY29wZXMiOlsiVklFV0VSIl0sImRldmljZUlkIjoiMTIzNDU2Nzg5MCIsImlzcyI6Imh0dHA6Ly9sb3Zsb24uY29tIiwiaWF0IjoxNTU2OTc2MzI4fQ.DMblkU2LKdu9prejUVzYNZTUCtaEl-7eh0U7ovmuT2L_RvCvmNU880Tgx0VuUC767RUuS150NNOCkCpIqjpJxA",
						"type": "text"
					},
					{
						"key": "userId",
						"value": "1055",
						"type": "text"
					},
					{
						"key": "deviceId",
						"value": "1234567890",
						"type": "text"
					}
				],
				"body": {
					"mode": "raw",
					"raw": "{\n    \"userId\": 1055,\n    \"latitude\": 11,\n    \"longitude\": 15\n}"
				},
				"url": {
					"raw": "http://157.230.40.248:8761/lovlon/api/um-service/um/userlocation",
					"protocol": "http",
					"host": [
						"157",
						"230",
						"40",
						"248"
					],
					"port": "8761",
					"path": [
						"lovlon",
						"api",
						"um-service",
						"um",
						"userlocation"
					]
				}
			},
			"response": []
		},
		{
			"name": "UserProfile",
			"request": {
				"method": "POST",
				"header": [
					{
						"key": "Content-Type",
						"name": "Content-Type",
						"value": "application/json",
						"type": "text"
					},
					{
						"key": "accessToken",
						"value": "LovLonAccessBearer eyJhbGciOiJIUzUxMiJ9.eyJzdWIiOiJTVU5JTEtBVFRBNjYiLCJ1c2VySWQiOjEwOTcsInNjb3BlcyI6WyJWSUVXRVIiXSwiZGV2aWNlSWQiOiIxMjM0NTY3ODkwIiwiaXNzIjoiaHR0cDovL2xvdmxvbi5jb20iLCJpYXQiOjE1NTg1OTYyOTd9.0ayjBGOUizL9f9EPAI9DTKzSr_nMJIB32vXSnAzxEJ0Y5q3wCyAd0f6oy4BfFMaPYVSVSPs7WZP8_0JVxgPU8w",
						"type": "text"
					},
					{
						"key": "systemToken",
						"value": "LovLonSystemBearer eyJhbGciOiJIUzUxMiJ9.eyJzdWIiOiJMT1ZMT04xIiwidXNlcklkIjoxMDQzLCJzY29wZXMiOlsiVklFV0VSIl0sImRldmljZUlkIjoiMTIzNDU2Nzg5MCIsImlzcyI6Imh0dHA6Ly9sb3Zsb24uY29tIiwiaWF0IjoxNTU2OTc2MzI4fQ.DMblkU2LKdu9prejUVzYNZTUCtaEl-7eh0U7ovmuT2L_RvCvmNU880Tgx0VuUC767RUuS150NNOCkCpIqjpJxA",
						"type": "text"
					},
					{
						"key": "userId",
						"value": "1097",
						"type": "text"
					},
					{
						"key": "deviceId",
						"value": "1234567890",
						"type": "text"
					}
				],
				"body": {
					"mode": "raw",
					"raw": "{\n\t\"userName\": \"sunilkatta66\",\n    \"userId\": 1097,\n    \"height\": 152,\n    \"relationShip_status\": 20,\n    \"ethinicity\": 24,\n    \"language\": \"5,6\",\n    \"eduction\": 13,\n    \"occupation\": 14,\n    \"smoking_status\": 1,\n    \"drinking_status\": 16,\n    \"description\": \"sample description\"\n}"
				},
				"url": {
					"raw": "http://157.230.40.248:8761/lovlon/api/um-service/um/userProfile",
					"protocol": "http",
					"host": [
						"157",
						"230",
						"40",
						"248"
					],
					"port": "8761",
					"path": [
						"lovlon",
						"api",
						"um-service",
						"um",
						"userProfile"
					]
				}
			},
			"response": []
		},
		{
			"name": "UserPartnerProfile",
			"request": {
				"method": "POST",
				"header": [
					{
						"key": "Content-Type",
						"name": "Content-Type",
						"value": "application/json",
						"type": "text"
					},
					{
						"key": "accessToken",
						"value": "LovLonAccessBearer eyJhbGciOiJIUzUxMiJ9.eyJzdWIiOiJTVU5JTEtBVFRBNjYiLCJ1c2VySWQiOjEwOTcsInNjb3BlcyI6WyJWSUVXRVIiXSwiZGV2aWNlSWQiOiIxMjM0NTY3ODkwIiwiaXNzIjoiaHR0cDovL2xvdmxvbi5jb20iLCJpYXQiOjE1NTg1OTYzNTN9.OlRvmyHHZqrws7eWEw85IAX-V_DVXmcePsJzZ7SsFKbdBcwmpB3Ai1oH98iOodrYsepc20SeMhnRBbCurpNbfQ",
						"type": "text"
					},
					{
						"key": "systemToken",
						"value": "LovLonSystemBearer eyJhbGciOiJIUzUxMiJ9.eyJzdWIiOiJMT1ZMT04xIiwidXNlcklkIjoxMDQzLCJzY29wZXMiOlsiVklFV0VSIl0sImRldmljZUlkIjoiMTIzNDU2Nzg5MCIsImlzcyI6Imh0dHA6Ly9sb3Zsb24uY29tIiwiaWF0IjoxNTU2OTc2MzI4fQ.DMblkU2LKdu9prejUVzYNZTUCtaEl-7eh0U7ovmuT2L_RvCvmNU880Tgx0VuUC767RUuS150NNOCkCpIqjpJxA",
						"type": "text"
					},
					{
						"key": "userId",
						"value": "1097",
						"type": "text"
					},
					{
						"key": "deviceId",
						"value": "1234567890",
						"type": "text"
					}
				],
				"body": {
					"mode": "raw",
					"raw": "{\n    \"userName\": \"sunilkatta66\",\n    \"userId\": 1097,\n    \"minHeight\": 152,\n    \"maxHeight\": 152,\n    \"relationShip_status\": 20,\n    \"ethinicity\": 24,\n    \"language\": \"5,6\",\n    \"education\": 13,\n    \"occupation\": 14,\n    \"smoking_habit\": 1,\n    \"drinking_habit\": 16,\n    \"description\": \"sample description\"\n}"
				},
				"url": {
					"raw": "http://157.230.40.248:8761/lovlon/api/um-service/um/userPartnerProfile",
					"protocol": "http",
					"host": [
						"157",
						"230",
						"40",
						"248"
					],
					"port": "8761",
					"path": [
						"lovlon",
						"api",
						"um-service",
						"um",
						"userPartnerProfile"
					]
				}
			},
			"response": []
		},
		{
			"name": "onlineofline",
			"request": {
				"method": "POST",
				"header": [
					{
						"key": "Content-Type",
						"name": "Content-Type",
						"value": "application/json",
						"type": "text"
					},
					{
						"key": "accessToken",
						"value": "LovLonAccessBearer eyJhbGciOiJIUzUxMiJ9.eyJzdWIiOiJTVU5JTEtBVFRBNjYiLCJ1c2VySWQiOjEwOTcsInNjb3BlcyI6WyJWSUVXRVIiXSwiZGV2aWNlSWQiOiIxMjM0NTY3ODkwIiwiaXNzIjoiaHR0cDovL2xvdmxvbi5jb20iLCJpYXQiOjE1NTg1OTYzODl9.DgkaZY206szO-pTHNNgRjVnyV1vvif9D-2VKLD6kLFnrBNQqGN2rkG7O-71Wf4jcLnBWYMKCvXRjIkJNJTVpKQ",
						"type": "text"
					},
					{
						"key": "systemToken",
						"value": "LovLonSystemBearer eyJhbGciOiJIUzUxMiJ9.eyJzdWIiOiJMT1ZMT04xIiwidXNlcklkIjoxMDQzLCJzY29wZXMiOlsiVklFV0VSIl0sImRldmljZUlkIjoiMTIzNDU2Nzg5MCIsImlzcyI6Imh0dHA6Ly9sb3Zsb24uY29tIiwiaWF0IjoxNTU2OTc2MzI4fQ.DMblkU2LKdu9prejUVzYNZTUCtaEl-7eh0U7ovmuT2L_RvCvmNU880Tgx0VuUC767RUuS150NNOCkCpIqjpJxA",
						"type": "text"
					},
					{
						"key": "userId",
						"value": "1097",
						"type": "text"
					},
					{
						"key": "deviceId",
						"value": "1234567890",
						"type": "text"
					}
				],
				"body": {
					"mode": "raw",
					"raw": "{\n    \"id\": 1097,\n    \"online\": 1\n}\n"
				},
				"url": {
					"raw": "http://157.230.40.248:8761/lovlon/api/um-service/um/onlineofline",
					"protocol": "http",
					"host": [
						"157",
						"230",
						"40",
						"248"
					],
					"port": "8761",
					"path": [
						"lovlon",
						"api",
						"um-service",
						"um",
						"onlineofline"
					]
				}
			},
			"response": []
		},
		{
			"name": "likeProfile",
			"request": {
				"method": "POST",
				"header": [
					{
						"key": "accessToken",
						"value": "LovLonAccessBearer eyJhbGciOiJIUzUxMiJ9.eyJzdWIiOiJTVU5JTEtBVFRBNjYiLCJ1c2VySWQiOjEwOTcsInNjb3BlcyI6WyJWSUVXRVIiXSwiZGV2aWNlSWQiOiIxMjM0NTY3ODkwIiwiaXNzIjoiaHR0cDovL2xvdmxvbi5jb20iLCJpYXQiOjE1NTg1OTYzODl9.DgkaZY206szO-pTHNNgRjVnyV1vvif9D-2VKLD6kLFnrBNQqGN2rkG7O-71Wf4jcLnBWYMKCvXRjIkJNJTVpKQ",
						"type": "text"
					},
					{
						"key": "systemToken",
						"value": "LovLonSystemBearer eyJhbGciOiJIUzUxMiJ9.eyJzdWIiOiJMT1ZMT04zIiwidXNlcklkIjoxMDU1LCJzY29wZXMiOlsiVklFV0VSIl0sImRldmljZUlkIjoiMTIzNDU2Nzg5MCIsImlzcyI6Imh0dHA6Ly9sb3Zsb24uY29tIiwiaWF0IjoxNTU3MjUxNTcxfQ.MJCN-S5pkxHXAMflPjTTp4rsVXXmQbZt26zn5JyLwaeNFFWITH5zwiVJjaRsIioaTKQ4PQHRVVBaiQi_sfh2Xg",
						"type": "text"
					},
					{
						"key": "userId",
						"value": "1097",
						"type": "text"
					},
					{
						"key": "deviceId",
						"value": "1234567890",
						"type": "text"
					},
					{
						"key": "Content-Type",
						"name": "Content-Type",
						"value": "application/json",
						"type": "text"
					}
				],
				"body": {
					"mode": "raw",
					"raw": "{\n    \"userid\": 1097,\n    \"partnerid\": 1055\n}"
				},
				"url": {
					"raw": "http://157.230.40.248:8761/lovlon/api/um-service/um/unblockProfile",
					"protocol": "http",
					"host": [
						"157",
						"230",
						"40",
						"248"
					],
					"port": "8761",
					"path": [
						"lovlon",
						"api",
						"um-service",
						"um",
						"unblockProfile"
					]
				}
			},
			"response": []
		},
		{
			"name": "unlikeProfile",
			"request": {
				"method": "POST",
				"header": [
					{
						"key": "accessToken",
						"type": "text",
						"value": "LovLonAccessBearer eyJhbGciOiJIUzUxMiJ9.eyJzdWIiOiJMT1ZMT04zIiwidXNlcklkIjoxMDU1LCJzY29wZXMiOlsiVklFV0VSIl0sImRldmljZUlkIjoiMTIzNDU2Nzg5MCIsImlzcyI6Imh0dHA6Ly9sb3Zsb24uY29tIiwiaWF0IjoxNTU3MjUxNTcxfQ.MJCN-S5pkxHXAMflPjTTp4rsVXXmQbZt26zn5JyLwaeNFFWITH5zwiVJjaRsIioaTKQ4PQHRVVBaiQi_sfh2Xg"
					},
					{
						"key": "systemToken",
						"type": "text",
						"value": "LovLonSystemBearer eyJhbGciOiJIUzUxMiJ9.eyJzdWIiOiJMT1ZMT04zIiwidXNlcklkIjoxMDU1LCJzY29wZXMiOlsiVklFV0VSIl0sImRldmljZUlkIjoiMTIzNDU2Nzg5MCIsImlzcyI6Imh0dHA6Ly9sb3Zsb24uY29tIiwiaWF0IjoxNTU3MjUxNTcxfQ.MJCN-S5pkxHXAMflPjTTp4rsVXXmQbZt26zn5JyLwaeNFFWITH5zwiVJjaRsIioaTKQ4PQHRVVBaiQi_sfh2Xg"
					},
					{
						"key": "userId",
						"type": "text",
						"value": "1055"
					},
					{
						"key": "deviceId",
						"type": "text",
						"value": "1234567890"
					},
					{
						"key": "Content-Type",
						"name": "Content-Type",
						"type": "text",
						"value": "application/json"
					}
				],
				"body": {
					"mode": "raw",
					"raw": "{\n    \"userid\": 1055,\n    \"partnerid\": 1048\n}"
				},
				"url": {
					"raw": "http://157.230.40.248:8761/lovlon/api/um-service/um/unlikeProfile",
					"protocol": "http",
					"host": [
						"157",
						"230",
						"40",
						"248"
					],
					"port": "8761",
					"path": [
						"lovlon",
						"api",
						"um-service",
						"um",
						"unlikeProfile"
					]
				}
			},
			"response": []
		},
		{
			"name": "blockProfile",
			"request": {
				"method": "POST",
				"header": [
					{
						"key": "accessToken",
						"value": "LovLonAccessBearer eyJhbGciOiJIUzUxMiJ9.eyJzdWIiOiJMT1ZMT04zIiwidXNlcklkIjoxMDU1LCJzY29wZXMiOlsiVklFV0VSIl0sImRldmljZUlkIjoiMTIzNDU2Nzg5MCIsImlzcyI6Imh0dHA6Ly9sb3Zsb24uY29tIiwiaWF0IjoxNTU3MjUxNTcxfQ.MJCN-S5pkxHXAMflPjTTp4rsVXXmQbZt26zn5JyLwaeNFFWITH5zwiVJjaRsIioaTKQ4PQHRVVBaiQi_sfh2Xg",
						"type": "text"
					},
					{
						"key": "systemToken",
						"value": "LovLonSystemBearer eyJhbGciOiJIUzUxMiJ9.eyJzdWIiOiJMT1ZMT04zIiwidXNlcklkIjoxMDU1LCJzY29wZXMiOlsiVklFV0VSIl0sImRldmljZUlkIjoiMTIzNDU2Nzg5MCIsImlzcyI6Imh0dHA6Ly9sb3Zsb24uY29tIiwiaWF0IjoxNTU3MjUxNTcxfQ.MJCN-S5pkxHXAMflPjTTp4rsVXXmQbZt26zn5JyLwaeNFFWITH5zwiVJjaRsIioaTKQ4PQHRVVBaiQi_sfh2Xg",
						"type": "text"
					},
					{
						"key": "userId",
						"value": "1055",
						"type": "text"
					},
					{
						"key": "deviceId",
						"value": "1234567890",
						"type": "text"
					},
					{
						"key": "Content-Type",
						"name": "Content-Type",
						"value": "application/json",
						"type": "text"
					}
				],
				"body": {
					"mode": "raw",
					"raw": "{\n    \"userid\": 1055,\n    \"partnerid\": 1048\n}"
				},
				"url": {
					"raw": "http://localhost:8761/lovlon/api/um-service/um/blockProfile",
					"protocol": "http",
					"host": [
						"localhost"
					],
					"port": "8761",
					"path": [
						"lovlon",
						"api",
						"um-service",
						"um",
						"blockProfile"
					]
				}
			},
			"response": []
		},
		{
			"name": "unblockProfile",
			"request": {
				"method": "POST",
				"header": [
					{
						"key": "accessToken",
						"value": "LovLonAccessBearer eyJhbGciOiJIUzUxMiJ9.eyJzdWIiOiJMT1ZMT04zIiwidXNlcklkIjoxMDU1LCJzY29wZXMiOlsiVklFV0VSIl0sImRldmljZUlkIjoiMTIzNDU2Nzg5MCIsImlzcyI6Imh0dHA6Ly9sb3Zsb24uY29tIiwiaWF0IjoxNTU3MjUxNTcxfQ.MJCN-S5pkxHXAMflPjTTp4rsVXXmQbZt26zn5JyLwaeNFFWITH5zwiVJjaRsIioaTKQ4PQHRVVBaiQi_sfh2Xg",
						"type": "text"
					},
					{
						"key": "systemToken",
						"value": "LovLonSystemBearer eyJhbGciOiJIUzUxMiJ9.eyJzdWIiOiJMT1ZMT04zIiwidXNlcklkIjoxMDU1LCJzY29wZXMiOlsiVklFV0VSIl0sImRldmljZUlkIjoiMTIzNDU2Nzg5MCIsImlzcyI6Imh0dHA6Ly9sb3Zsb24uY29tIiwiaWF0IjoxNTU3MjUxNTcxfQ.MJCN-S5pkxHXAMflPjTTp4rsVXXmQbZt26zn5JyLwaeNFFWITH5zwiVJjaRsIioaTKQ4PQHRVVBaiQi_sfh2Xg",
						"type": "text"
					},
					{
						"key": "userId",
						"value": "1055",
						"type": "text"
					},
					{
						"key": "deviceId",
						"value": "1234567890",
						"type": "text"
					},
					{
						"key": "Content-Type",
						"name": "Content-Type",
						"value": "application/json",
						"type": "text"
					}
				],
				"body": {
					"mode": "raw",
					"raw": "{\n    \"userid\": 1048,\n    \"partnerid\": 1055\n}"
				},
				"url": {
					"raw": "http://157.230.40.248:8761/lovlon/api/um-service/um/unblockProfile",
					"protocol": "http",
					"host": [
						"157",
						"230",
						"40",
						"248"
					],
					"port": "8761",
					"path": [
						"lovlon",
						"api",
						"um-service",
						"um",
						"unblockProfile"
					]
				}
			},
			"response": []
		},
		{
			"name": "userProfileDetails",
			"protocolProfileBehavior": {
				"disableBodyPruning": true
			},
			"request": {
				"method": "GET",
				"header": [
					{
						"key": "accessToken",
						"value": "LovLonAccessBearer eyJhbGciOiJIUzUxMiJ9.eyJzdWIiOiJTVU5JTEtBVFRBNjYiLCJ1c2VySWQiOjEwOTYsInNjb3BlcyI6WyJWSUVXRVIiXSwiZGV2aWNlSWQiOiIxMjM0NTY3ODkwIiwiaXNzIjoiaHR0cDovL2xvdmxvbi5jb20iLCJpYXQiOjE1NTg1ODc4MzN9.cms0Zh9IuVUkAsL8LojXPOHXDwwoqgGoo809K6qRmDvZKC2TN0zHRQDo5RJRsojOikzlpGdYQcGJiDwhZFB95Q",
						"type": "text"
					},
					{
						"key": "systemToken",
						"value": "LovLonSystemBearer eyJhbGciOiJIUzUxMiJ9.eyJzdWIiOiJMT1ZMT04zIiwidXNlcklkIjoxMDU1LCJzY29wZXMiOlsiVklFV0VSIl0sImRldmljZUlkIjoiMTIzNDU2Nzg5MCIsImlzcyI6Imh0dHA6Ly9sb3Zsb24uY29tIiwiaWF0IjoxNTU3MjUxNTcxfQ.MJCN-S5pkxHXAMflPjTTp4rsVXXmQbZt26zn5JyLwaeNFFWITH5zwiVJjaRsIioaTKQ4PQHRVVBaiQi_sfh2Xg",
						"type": "text"
					},
					{
						"key": "userId",
						"value": "1096",
						"type": "text"
					},
					{
						"key": "deviceId",
						"value": "1234567890",
						"type": "text"
					},
					{
						"key": "Content-Type",
						"name": "Content-Type",
						"value": "application/json",
						"type": "text"
					}
				],
				"body": {
					"mode": "raw",
					"raw": ""
				},
				"url": {
					"raw": "http://157.230.40.248:8761/lovlon/api/um-service/um/likeByMe/1096",
					"protocol": "http",
					"host": [
						"157",
						"230",
						"40",
						"248"
					],
					"port": "8761",
					"path": [
						"lovlon",
						"api",
						"um-service",
						"um",
						"likeByMe",
						"1096"
					]
				}
			},
			"response": []
		},
		{
			"name": "userDetails",
			"protocolProfileBehavior": {
				"disableBodyPruning": true
			},
			"request": {
				"method": "GET",
				"header": [
					{
						"key": "accessToken",
						"type": "text",
						"value": "LovLonAccessBearer eyJhbGciOiJIUzUxMiJ9.eyJzdWIiOiJTVU5JTEtBVFRBNjYiLCJ1c2VySWQiOjEwOTYsInNjb3BlcyI6WyJWSUVXRVIiXSwiZGV2aWNlSWQiOiIxMjM0NTY3ODkwIiwiaXNzIjoiaHR0cDovL2xvdmxvbi5jb20iLCJpYXQiOjE1NTg1ODc4MzN9.cms0Zh9IuVUkAsL8LojXPOHXDwwoqgGoo809K6qRmDvZKC2TN0zHRQDo5RJRsojOikzlpGdYQcGJiDwhZFB95Q"
					},
					{
						"key": "systemToken",
						"type": "text",
						"value": "LovLonSystemBearer eyJhbGciOiJIUzUxMiJ9.eyJzdWIiOiJMT1ZMT04zIiwidXNlcklkIjoxMDU1LCJzY29wZXMiOlsiVklFV0VSIl0sImRldmljZUlkIjoiMTIzNDU2Nzg5MCIsImlzcyI6Imh0dHA6Ly9sb3Zsb24uY29tIiwiaWF0IjoxNTU3MjUxNTcxfQ.MJCN-S5pkxHXAMflPjTTp4rsVXXmQbZt26zn5JyLwaeNFFWITH5zwiVJjaRsIioaTKQ4PQHRVVBaiQi_sfh2Xg"
					},
					{
						"key": "userId",
						"type": "text",
						"value": "1096"
					},
					{
						"key": "deviceId",
						"type": "text",
						"value": "1234567890"
					},
					{
						"key": "Content-Type",
						"name": "Content-Type",
						"type": "text",
						"value": "application/json"
					}
				],
				"body": {
					"mode": "raw",
					"raw": ""
				},
				"url": {
					"raw": "http://157.230.40.248:8761/lovlon/api/um-service/um/likeByMe/1096",
					"protocol": "http",
					"host": [
						"157",
						"230",
						"40",
						"248"
					],
					"port": "8761",
					"path": [
						"lovlon",
						"api",
						"um-service",
						"um",
						"likeByMe",
						"1096"
					]
				}
			},
			"response": []
		},
		{
			"name": "likeByMe",
			"protocolProfileBehavior": {
				"disableBodyPruning": true
			},
			"request": {
				"method": "GET",
				"header": [
					{
						"key": "accessToken",
						"type": "text",
						"value": "LovLonAccessBearer eyJhbGciOiJIUzUxMiJ9.eyJzdWIiOiJMT1ZMT04zIiwidXNlcklkIjoxMDU1LCJzY29wZXMiOlsiVklFV0VSIl0sImRldmljZUlkIjoiMTIzNDU2Nzg5MCIsImlzcyI6Imh0dHA6Ly9sb3Zsb24uY29tIiwiaWF0IjoxNTU3NDE5NDk1fQ.x0OdacLK2mgD_jkdhhvzjva3YQ7lnZCAGKywiLXPZ5hp_gkf6bIik3piVQBCfMY8kj8metN-JLcYMraEn0DskA"
					},
					{
						"key": "systemToken",
						"type": "text",
						"value": "LovLonSystemBearer eyJhbGciOiJIUzUxMiJ9.eyJzdWIiOiJMT1ZMT04zIiwidXNlcklkIjoxMDU1LCJzY29wZXMiOlsiVklFV0VSIl0sImRldmljZUlkIjoiMTIzNDU2Nzg5MCIsImlzcyI6Imh0dHA6Ly9sb3Zsb24uY29tIiwiaWF0IjoxNTU3MjUxNTcxfQ.MJCN-S5pkxHXAMflPjTTp4rsVXXmQbZt26zn5JyLwaeNFFWITH5zwiVJjaRsIioaTKQ4PQHRVVBaiQi_sfh2Xg"
					},
					{
						"key": "userId",
						"type": "text",
						"value": "1055"
					},
					{
						"key": "deviceId",
						"type": "text",
						"value": "1234567890"
					},
					{
						"key": "Content-Type",
						"name": "Content-Type",
						"type": "text",
						"value": "application/json"
					}
				],
				"body": {
					"mode": "raw",
					"raw": ""
				},
				"url": {
					"raw": "http://157.230.40.248:8761/lovlon/api/um-service/um/likeByMe/1055",
					"protocol": "http",
					"host": [
						"157",
						"230",
						"40",
						"248"
					],
					"port": "8761",
					"path": [
						"lovlon",
						"api",
						"um-service",
						"um",
						"likeByMe",
						"1055"
					]
				}
			},
			"response": []
		},
		{
			"name": "likedMe",
			"protocolProfileBehavior": {
				"disableBodyPruning": true
			},
			"request": {
				"method": "GET",
				"header": [
					{
						"key": "accessToken",
						"type": "text",
						"value": "LovLonAccessBearer eyJhbGciOiJIUzUxMiJ9.eyJzdWIiOiJMT1ZMT04zIiwidXNlcklkIjoxMDU1LCJzY29wZXMiOlsiVklFV0VSIl0sImRldmljZUlkIjoiMTIzNDU2Nzg5MCIsImlzcyI6Imh0dHA6Ly9sb3Zsb24uY29tIiwiaWF0IjoxNTU3NDE5NDk1fQ.x0OdacLK2mgD_jkdhhvzjva3YQ7lnZCAGKywiLXPZ5hp_gkf6bIik3piVQBCfMY8kj8metN-JLcYMraEn0DskA"
					},
					{
						"key": "systemToken",
						"type": "text",
						"value": "LovLonSystemBearer eyJhbGciOiJIUzUxMiJ9.eyJzdWIiOiJMT1ZMT04zIiwidXNlcklkIjoxMDU1LCJzY29wZXMiOlsiVklFV0VSIl0sImRldmljZUlkIjoiMTIzNDU2Nzg5MCIsImlzcyI6Imh0dHA6Ly9sb3Zsb24uY29tIiwiaWF0IjoxNTU3MjUxNTcxfQ.MJCN-S5pkxHXAMflPjTTp4rsVXXmQbZt26zn5JyLwaeNFFWITH5zwiVJjaRsIioaTKQ4PQHRVVBaiQi_sfh2Xg"
					},
					{
						"key": "userId",
						"type": "text",
						"value": "1055"
					},
					{
						"key": "deviceId",
						"type": "text",
						"value": "1234567890"
					},
					{
						"key": "Content-Type",
						"name": "Content-Type",
						"type": "text",
						"value": "application/json"
					}
				],
				"body": {
					"mode": "raw",
					"raw": ""
				},
				"url": {
					"raw": "http://157.230.40.248:8761/lovlon/api/um-service/um/likedMe/1055",
					"protocol": "http",
					"host": [
						"157",
						"230",
						"40",
						"248"
					],
					"port": "8761",
					"path": [
						"lovlon",
						"api",
						"um-service",
						"um",
						"likedMe",
						"1055"
					]
				}
			},
			"response": []
		},
		{
			"name": "EmailService",
			"request": {
				"method": "POST",
				"header": [
					{
						"key": "Content-Type",
						"name": "Content-Type",
						"value": "application/json",
						"type": "text"
					}
				],
				"body": {
					"mode": "raw",
					"raw": "{\n    \"subject\": \"EmailVerificaation\",\n    \"mailType\": \"EMAIL_VERIFICATION\",\n    \"emailObject\": [\n        {\n            \"name\": \"Kamal\",\n            \"otp\": \"6 7 8 9\"\n        }\n    ],\n    \"emailTo\": \"sunil.katta@stridefuture.com\",\n    \"accessKey\": \"AKIATZJNIZO5TUO6DIEN\",\n    \"secretAccessKey\": \"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\"\n}"
				},
				"url": {
					"raw": "https://394wykltue.execute-api.us-east-1.amazonaws.com/default/lovlon_email",
					"protocol": "https",
					"host": [
						"394wykltue",
						"execute-api",
						"us-east-1",
						"amazonaws",
						"com"
					],
					"path": [
						"default",
						"lovlon_email"
					]
				}
			},
			"response": []
		}
	]
}