{
	"info": {
		"_postman_id": "22b7ff77-4085-4496-b305-0c33bef881f6",
		"name": "LOVLON-SearchService",
		"schema": "https://schema.getpostman.com/json/collection/v2.1.0/collection.json"
	},
	"item": [
		{
			"name": "userSearch",
			"request": {
				"method": "POST",
				"header": [
					{
						"key": "accessToken",
						"value": "LovLonAccessBearer eyJhbGciOiJIUzUxMiJ9.eyJzdWIiOiJMT1ZMT04xIiwidXNlcklkIjoxMDQzLCJzY29wZXMiOlsiVklFV0VSIl0sImRldmljZUlkIjoiMTIzNDU2Nzg5MCIsImlzcyI6Imh0dHA6Ly9sb3Zsb24uY29tIiwiaWF0IjoxNTU3MDQ3MjE4fQ.GaQyGUaJtLnRq-siSvXTTD9QBerj-LaaVkJVyOV7ht0gHBl7HKYTOPqY-fzLawgWppO7qHGJzqxXSTlbS-l9Rw",
						"type": "text"
					},
					{
						"key": "systemToken",
						"value": "LovLonSystemBearer eyJhbGciOiJIUzUxMiJ9.eyJzdWIiOiJMT1ZMT04zIiwidXNlcklkIjoxMDU1LCJzY29wZXMiOlsiVklFV0VSIl0sImRldmljZUlkIjoiMTIzNDU2Nzg5MCIsImlzcyI6Imh0dHA6Ly9sb3Zsb24uY29tIiwiaWF0IjoxNTU3MjUxNTcxfQ.MJCN-S5pkxHXAMflPjTTp4rsVXXmQbZt26zn5JyLwaeNFFWITH5zwiVJjaRsIioaTKQ4PQHRVVBaiQi_sfh2Xg",
						"type": "text"
					},
					{
						"key": "userId",
						"value": "1043",
						"type": "text"
					},
					{
						"key": "deviceId",
						"value": "1234567890",
						"type": "text"
					},
					{
						"key": "Content-Type",
						"name": "Content-Type",
						"value": "application/json",
						"type": "text"
					}
				],
				"body": {
					"mode": "raw",
					"raw": "{\n\t\"userId\": \"1043\",\n    \"minAge\": \"\",\n    \"maxAge\": \"\",\n    \"minHeight\": \"\",\n    \"maxHeight\": \"\",\n    \"countryId\": \"\",\n    \"stateId\": \"\",\n    \"cityId\": \"\",\n    \"minSalary\": \"\",\n    \"maxSalary\": \"\",\n    \"occupation\": \"\",\n    \"columnStartLimit\": 0,\n    \"columnEndLimit\": 0\n}"
				},
				"url": {
					"raw": "http://157.230.40.248:8761/lovlon/api/search-service/search/userSearch",
					"protocol": "http",
					"host": [
						"157",
						"230",
						"40",
						"248"
					],
					"port": "8761",
					"path": [
						"lovlon",
						"api",
						"search-service",
						"search",
						"userSearch"
					]
				}
			},
			"response": []
		}
	]
}