{
	"info": {
		"_postman_id": "f8d8f3ea-42c3-4dec-9f1c-8886c6f092b8",
		"name": "LOVLON",
		"schema": "https://schema.getpostman.com/json/collection/v2.1.0/collection.json"
	},
	"item": [
		{
			"name": "Login",
			"request": {
				"method": "POST",
				"header": [
					{
						"key": "Authorization",
						"value": "LoginHttpRequest",
						"type": "text"
					},
					{
						"key": "Content-Type",
						"name": "Content-Type",
						"value": "application/json",
						"type": "text"
					}
				],
				"body": {
					"mode": "raw",
					"raw": "{\n    \"username\": \"sunilkatta66\",\n\t\"password\": \"Lovlon@66\",\n    \"deviceInformation\": {\n        \"ipAddress\": \"127.0.0.1\",\n        \"appVersion\": \"1.0\",\n        \"deviceOS\": \"IOS\",\n        \"deviceType\": \"APPLE\",\n        \"deviceVersion\": \"8.0\",\n        \"imei\": \"\",\n        \"udid\": \"1234567890\",\n        \"latitude\": \"10.0 C\",\n        \"longitude\": \"14.0 C\"\n    }\n}"
				},
				"url": {
					"raw": "http://157.230.40.248:8761/lovlon/api/user/login",
					"protocol": "http",
					"host": [
						"157",
						"230",
						"40",
						"248"
					],
					"port": "8761",
					"path": [
						"lovlon",
						"api",
						"user",
						"login"
					]
				}
			},
			"response": []
		}
	]
}